Track Name,Race Number,Race URL,Race Start
FLEMINGTON (VIC),1,https://swiftbet.com.au//racing/gallops/flemington/race-1-1902810-1083004,12h 24m
FLEMINGTON (VIC),2,https://swiftbet.com.au//racing/gallops/flemington/race-2-1902814-1083004,13h 4m
FLEMINGTON (VIC),3,https://swiftbet.com.au//racing/gallops/flemington/race-3-1902824-1083004,13h 44m
FLEMINGTON (VIC),4,https://swiftbet.com.au//racing/gallops/flemington/race-4-1902836-1083004,14h 24m
FLEMINGTON (VIC),5,https://swiftbet.com.au//racing/gallops/flemington/race-5-1902853-1083004,15h 4m
FLEMINGTON (VIC),6,https://swiftbet.com.au//racing/gallops/flemington/race-6-1902872-1083004,15h 44m
FLEMINGTON (VIC),7,https://swiftbet.com.au//racing/gallops/flemington/race-7-1902889-1083004,16h 24m
FLEMINGTON (VIC),8,https://swiftbet.com.au//racing/gallops/flemington/race-8-1902908-1083004,17h 4m
FLEMINGTON (VIC),9,https://swiftbet.com.au//racing/gallops/flemington/race-9-1902921-1083004,17h 44m
ROSEHILL (NSW),1,https://swiftbet.com.au//racing/gallops/rosehill/race-1-1902807-1083003,12h 14m
ROSEHILL (NSW),2,https://swiftbet.com.au//racing/gallops/rosehill/race-2-1902815-1083003,12h 49m
ROSEHILL (NSW),3,https://swiftbet.com.au//racing/gallops/rosehill/race-3-1902820-1083003,13h 24m
ROSEHILL (NSW),4,https://swiftbet.com.au//racing/gallops/rosehill/race-4-1902829-1083003,14h 4m
ROSEHILL (NSW),5,https://swiftbet.com.au//racing/gallops/rosehill/race-5-1902844-1083003,14h 44m
ROSEHILL (NSW),6,https://swiftbet.com.au//racing/gallops/rosehill/race-6-1902875-1083003,15h 24m
ROSEHILL (NSW),7,https://swiftbet.com.au//racing/gallops/rosehill/race-7-1902892-1083003,16h 4m
ROSEHILL (NSW),8,https://swiftbet.com.au//racing/gallops/rosehill/race-8-1902906-1083003,16h 49m
ROSEHILL (NSW),9,https://swiftbet.com.au//racing/gallops/rosehill/race-9-1902924-1083003,17h 24m
ROSEHILL (NSW),10,https://swiftbet.com.au//racing/gallops/rosehill/race-10-1902932-1083003,17h 59m
EAGLE FARM (QLD),1,https://swiftbet.com.au//racing/gallops/eagle-farm/race-1-1903068-1083030,13h 36m
EAGLE FARM (QLD),2,https://swiftbet.com.au//racing/gallops/eagle-farm/race-2-1903072-1083030,14h 16m
EAGLE FARM (QLD),3,https://swiftbet.com.au//racing/gallops/eagle-farm/race-3-1903076-1083030,14h 56m
EAGLE FARM (QLD),4,https://swiftbet.com.au//racing/gallops/eagle-farm/race-4-1903082-1083030,15h 36m
EAGLE FARM (QLD),5,https://swiftbet.com.au//racing/gallops/eagle-farm/race-5-1903086-1083030,16h 16m
EAGLE FARM (QLD),6,https://swiftbet.com.au//racing/gallops/eagle-farm/race-6-1903088-1083030,16h 56m
EAGLE FARM (QLD),7,https://swiftbet.com.au//racing/gallops/eagle-farm/race-7-1903090-1083030,17h 36m
EAGLE FARM (QLD),8,https://swiftbet.com.au//racing/gallops/eagle-farm/race-8-1903091-1083030,18h 14m
EAGLE FARM (QLD),9,https://swiftbet.com.au//racing/gallops/eagle-farm/race-9-1903092-1083030,18h 44m
MORPHETTVILLE (SA),1,https://swiftbet.com.au//racing/gallops/morphettville/race-1-1902821-1083005,12h 37m
MORPHETTVILLE (SA),2,https://swiftbet.com.au//racing/gallops/morphettville/race-2-1902828-1083005,13h 16m
MORPHETTVILLE (SA),3,https://swiftbet.com.au//racing/gallops/morphettville/race-3-1902841-1083005,13h 54m
MORPHETTVILLE (SA),4,https://swiftbet.com.au//racing/gallops/morphettville/race-4-1902857-1083005,14h 36m
MORPHETTVILLE (SA),5,https://swiftbet.com.au//racing/gallops/morphettville/race-5-1902865-1083005,15h 16m
MORPHETTVILLE (SA),6,https://swiftbet.com.au//racing/gallops/morphettville/race-6-1902881-1083005,15h 56m
MORPHETTVILLE (SA),7,https://swiftbet.com.au//racing/gallops/morphettville/race-7-1902896-1083005,16h 37m
MORPHETTVILLE (SA),8,https://swiftbet.com.au//racing/gallops/morphettville/race-8-1902910-1083005,17h 16m
MORPHETTVILLE (SA),9,https://swiftbet.com.au//racing/gallops/morphettville/race-9-1902918-1083005,18h 4m
ASCOT (WA),1,https://swiftbet.com.au//racing/gallops/ascot/race-1-1903117-1083033,15h 28m
ASCOT (WA),2,https://swiftbet.com.au//racing/gallops/ascot/race-2-1903121-1083033,16h 8m
ASCOT (WA),3,https://swiftbet.com.au//racing/gallops/ascot/race-3-1903123-1083033,16h 52m
ASCOT (WA),4,https://swiftbet.com.au//racing/gallops/ascot/race-4-1903126-1083033,17h 28m
ASCOT (WA),5,https://swiftbet.com.au//racing/gallops/ascot/race-5-1903129-1083033,18h 8m
ASCOT (WA),6,https://swiftbet.com.au//racing/gallops/ascot/race-6-1903132-1083033,18h 48m
ASCOT (WA),7,https://swiftbet.com.au//racing/gallops/ascot/race-7-1903135-1083033,19h 23m
ASCOT (WA),8,https://swiftbet.com.au//racing/gallops/ascot/race-8-1903137-1083033,20h 1m
ASCOT (WA),9,https://swiftbet.com.au//racing/gallops/ascot/race-9-1903141-1083033,20h 38m
MORTLAKE (VIC),1,https://swiftbet.com.au//racing/gallops/mortlake/race-1-1904086-1083117,12h 54m
MORTLAKE (VIC),2,https://swiftbet.com.au//racing/gallops/mortlake/race-2-1904094-1083117,13h 26m
MORTLAKE (VIC),3,https://swiftbet.com.au//racing/gallops/mortlake/race-3-1904102-1083117,14h 6m
MORTLAKE (VIC),4,https://swiftbet.com.au//racing/gallops/mortlake/race-4-1904114-1083117,14h 46m
MORTLAKE (VIC),5,https://swiftbet.com.au//racing/gallops/mortlake/race-5-1904125-1083117,15h 26m
MORTLAKE (VIC),6,https://swiftbet.com.au//racing/gallops/mortlake/race-6-1904134-1083117,16h 6m
MORTLAKE (VIC),7,https://swiftbet.com.au//racing/gallops/mortlake/race-7-1904147-1083117,16h 50m
MORTLAKE (VIC),8,https://swiftbet.com.au//racing/gallops/mortlake/race-8-1904153-1083117,17h 26m
TRARALGON (VIC),1,https://swiftbet.com.au//racing/gallops/traralgon/race-1-1904173-1083127,12h 45m
TRARALGON (VIC),2,https://swiftbet.com.au//racing/gallops/traralgon/race-2-1904182-1083127,13h 20m
TRARALGON (VIC),3,https://swiftbet.com.au//racing/gallops/traralgon/race-3-1904190-1083127,14h 0m
TRARALGON (VIC),4,https://swiftbet.com.au//racing/gallops/traralgon/race-4-1904195-1083127,14h 40m
TRARALGON (VIC),5,https://swiftbet.com.au//racing/gallops/traralgon/race-5-1904198-1083127,15h 20m
TRARALGON (VIC),6,https://swiftbet.com.au//racing/gallops/traralgon/race-6-1904202-1083127,16h 0m
TRARALGON (VIC),7,https://swiftbet.com.au//racing/gallops/traralgon/race-7-1904205-1083127,16h 41m
TRARALGON (VIC),8,https://swiftbet.com.au//racing/gallops/traralgon/race-8-1904208-1083127,17h 20m
WYCHEPROOF (VIC),1,https://swiftbet.com.au//racing/gallops/wycheproof/race-1-1904303-1083145,13h 11m
WYCHEPROOF (VIC),2,https://swiftbet.com.au//racing/gallops/wycheproof/race-2-1904327-1083145,13h 51m
WYCHEPROOF (VIC),3,https://swiftbet.com.au//racing/gallops/wycheproof/race-3-1904350-1083145,14h 31m
WYCHEPROOF (VIC),4,https://swiftbet.com.au//racing/gallops/wycheproof/race-4-1904384-1083145,15h 11m
WYCHEPROOF (VIC),5,https://swiftbet.com.au//racing/gallops/wycheproof/race-5-1904401-1083145,15h 51m
WYCHEPROOF (VIC),6,https://swiftbet.com.au//racing/gallops/wycheproof/race-6-1904410-1083145,16h 31m
WYCHEPROOF (VIC),7,https://swiftbet.com.au//racing/gallops/wycheproof/race-7-1904423-1083145,17h 14m
COFFS HARBOUR (NSW),1,https://swiftbet.com.au//racing/gallops/coffs-harbour/race-1-1904033-1083109,13h 40m
COFFS HARBOUR (NSW),2,https://swiftbet.com.au//racing/gallops/coffs-harbour/race-2-1904035-1083109,14h 20m
COFFS HARBOUR (NSW),3,https://swiftbet.com.au//racing/gallops/coffs-harbour/race-3-1904037-1083109,15h 0m
COFFS HARBOUR (NSW),4,https://swiftbet.com.au//racing/gallops/coffs-harbour/race-4-1904039-1083109,15h 40m
COFFS HARBOUR (NSW),5,https://swiftbet.com.au//racing/gallops/coffs-harbour/race-5-1904040-1083109,16h 20m
COFFS HARBOUR (NSW),6,https://swiftbet.com.au//racing/gallops/coffs-harbour/race-6-1904041-1083109,17h 0m
DUBBO (NSW),1,https://swiftbet.com.au//racing/gallops/dubbo/race-1-1904340-1083151,13h 32m
DUBBO (NSW),2,https://swiftbet.com.au//racing/gallops/dubbo/race-2-1904355-1083151,14h 12m
DUBBO (NSW),3,https://swiftbet.com.au//racing/gallops/dubbo/race-3-1904387-1083151,14h 52m
DUBBO (NSW),4,https://swiftbet.com.au//racing/gallops/dubbo/race-4-1904417-1083151,15h 32m
DUBBO (NSW),5,https://swiftbet.com.au//racing/gallops/dubbo/race-5-1904436-1083151,16h 12m
DUBBO (NSW),6,https://swiftbet.com.au//racing/gallops/dubbo/race-6-1904447-1083151,16h 55m
DUBBO (NSW),7,https://swiftbet.com.au//racing/gallops/dubbo/race-7-1904452-1083151,17h 32m
BARCALDINE (QLD),1,https://swiftbet.com.au//racing/gallops/barcaldine/race-1-1904367-1083155,14h 34m
BARCALDINE (QLD),2,https://swiftbet.com.au//racing/gallops/barcaldine/race-2-1904388-1083155,15h 14m
BARCALDINE (QLD),3,https://swiftbet.com.au//racing/gallops/barcaldine/race-3-1904406-1083155,15h 54m
BARCALDINE (QLD),4,https://swiftbet.com.au//racing/gallops/barcaldine/race-4-1904426-1083155,16h 34m
BARCALDINE (QLD),5,https://swiftbet.com.au//racing/gallops/barcaldine/race-5-1904440-1083155,17h 14m
BEAUDESERT (QLD),1,https://swiftbet.com.au//racing/gallops/beaudesert/race-1-1904166-1083124,13h 28m
BEAUDESERT (QLD),2,https://swiftbet.com.au//racing/gallops/beaudesert/race-2-1904169-1083124,14h 8m
BEAUDESERT (QLD),3,https://swiftbet.com.au//racing/gallops/beaudesert/race-3-1904178-1083124,14h 48m
BEAUDESERT (QLD),4,https://swiftbet.com.au//racing/gallops/beaudesert/race-4-1904185-1083124,15h 30m
BEAUDESERT (QLD),5,https://swiftbet.com.au//racing/gallops/beaudesert/race-5-1904191-1083124,16h 10m
BEAUDESERT (QLD),6,https://swiftbet.com.au//racing/gallops/beaudesert/race-6-1904193-1083124,16h 45m
CLONCURRY (QLD),1,https://swiftbet.com.au//racing/gallops/cloncurry/race-1-1904429-1083158,14h 34m
CLONCURRY (QLD),2,https://swiftbet.com.au//racing/gallops/cloncurry/race-2-1904437-1083158,15h 19m
CLONCURRY (QLD),3,https://swiftbet.com.au//racing/gallops/cloncurry/race-3-1904444-1083158,16h 4m
CLONCURRY (QLD),4,https://swiftbet.com.au//racing/gallops/cloncurry/race-4-1904450-1083158,16h 54m
CLONCURRY (QLD),5,https://swiftbet.com.au//racing/gallops/cloncurry/race-5-1904455-1083158,17h 39m
DALBY (QLD),1,https://swiftbet.com.au//racing/gallops/dalby/race-1-1904297-1083141,13h 54m
DALBY (QLD),2,https://swiftbet.com.au//racing/gallops/dalby/race-2-1904324-1083141,14h 34m
DALBY (QLD),3,https://swiftbet.com.au//racing/gallops/dalby/race-3-1904365-1083141,15h 14m
DALBY (QLD),4,https://swiftbet.com.au//racing/gallops/dalby/race-4-1904400-1083141,15h 54m
DALBY (QLD),5,https://swiftbet.com.au//racing/gallops/dalby/race-5-1904420-1083141,16h 34m
HOME HILL (QLD),1,https://swiftbet.com.au//racing/gallops/home-hill/race-1-1904311-1083147,15h 8m
HOME HILL (QLD),2,https://swiftbet.com.au//racing/gallops/home-hill/race-2-1904344-1083147,15h 46m
HOME HILL (QLD),3,https://swiftbet.com.au//racing/gallops/home-hill/race-3-1904380-1083147,16h 24m
HOME HILL (QLD),4,https://swiftbet.com.au//racing/gallops/home-hill/race-4-1904389-1083147,17h 2m
HOME HILL (QLD),5,https://swiftbet.com.au//racing/gallops/home-hill/race-5-1904409-1083147,17h 39m
HOME HILL (QLD),6,https://swiftbet.com.au//racing/gallops/home-hill/race-6-1904427-1083147,18h 16m
YEPPOON (QLD),1,https://swiftbet.com.au//racing/gallops/yeppoon/race-1-1904332-1083150,14h 34m
YEPPOON (QLD),2,https://swiftbet.com.au//racing/gallops/yeppoon/race-2-1904354-1083150,15h 14m
YEPPOON (QLD),3,https://swiftbet.com.au//racing/gallops/yeppoon/race-3-1904377-1083150,15h 54m
YEPPOON (QLD),4,https://swiftbet.com.au//racing/gallops/yeppoon/race-4-1904392-1083150,16h 34m
YEPPOON (QLD),5,https://swiftbet.com.au//racing/gallops/yeppoon/race-5-1904407-1083150,17h 14m
TRENTHAM (NZL),1,https://swiftbet.com.au//racing/gallops/trentham/race-1-1902805-1083001,10h 30m
TRENTHAM (NZL),2,https://swiftbet.com.au//racing/gallops/trentham/race-2-1902811-1083001,11h 6m
TRENTHAM (NZL),3,https://swiftbet.com.au//racing/gallops/trentham/race-3-1902817-1083001,11h 38m
TRENTHAM (NZL),4,https://swiftbet.com.au//racing/gallops/trentham/race-4-1902826-1083001,12h 8m
TRENTHAM (NZL),5,https://swiftbet.com.au//racing/gallops/trentham/race-5-1902833-1083001,12h 41m
TRENTHAM (NZL),6,https://swiftbet.com.au//racing/gallops/trentham/race-6-1902848-1083001,13h 19m
TRENTHAM (NZL),7,https://swiftbet.com.au//racing/gallops/trentham/race-7-1902859-1083001,13h 59m
TRENTHAM (NZL),8,https://swiftbet.com.au//racing/gallops/trentham/race-8-1902870-1083001,14h 39m
NEWCASTLE (NSW),1,https://swiftbet.com.au//racing/gallops/newcastle/race-1-1904197-1083128,13h 9m
NEWCASTLE (NSW),2,https://swiftbet.com.au//racing/gallops/newcastle/race-2-1904199-1083128,13h 49m
NEWCASTLE (NSW),3,https://swiftbet.com.au//racing/gallops/newcastle/race-3-1904203-1083128,14h 29m
NEWCASTLE (NSW),4,https://swiftbet.com.au//racing/gallops/newcastle/race-4-1904206-1083128,15h 9m
NEWCASTLE (NSW),5,https://swiftbet.com.au//racing/gallops/newcastle/race-5-1904207-1083128,15h 49m
NEWCASTLE (NSW),6,https://swiftbet.com.au//racing/gallops/newcastle/race-6-1904209-1083128,16h 29m
NEWCASTLE (NSW),7,https://swiftbet.com.au//racing/gallops/newcastle/race-7-1904211-1083128,17h 9m
NEWCASTLE (NSW),8,https://swiftbet.com.au//racing/gallops/newcastle/race-8-1904213-1083128,17h 49m
GOLD COAST (QLD),1,https://swiftbet.com.au//racing/gallops/gold-coast/race-1-1904299-1083140,14h 33m
GOLD COAST (QLD),2,https://swiftbet.com.au//racing/gallops/gold-coast/race-2-1904314-1083140,15h 13m
GOLD COAST (QLD),3,https://swiftbet.com.au//racing/gallops/gold-coast/race-3-1904334-1083140,15h 53m
GOLD COAST (QLD),4,https://swiftbet.com.au//racing/gallops/gold-coast/race-4-1904364-1083140,16h 33m
GOLD COAST (QLD),5,https://swiftbet.com.au//racing/gallops/gold-coast/race-5-1904393-1083140,17h 13m
GOLD COAST (QLD),6,https://swiftbet.com.au//racing/gallops/gold-coast/race-6-1904411-1083140,17h 53m
GOLD COAST (QLD),7,https://swiftbet.com.au//racing/gallops/gold-coast/race-7-1904430-1083140,18h 26m
TOOWOOMBA (QLD),1,https://swiftbet.com.au//racing/gallops/toowoomba/race-1-1904374-1083157,19h 4m
TOOWOOMBA (QLD),2,https://swiftbet.com.au//racing/gallops/toowoomba/race-2-1904399-1083157,19h 42m
TOOWOOMBA (QLD),3,https://swiftbet.com.au//racing/gallops/toowoomba/race-3-1904412-1083157,20h 16m
TOOWOOMBA (QLD),4,https://swiftbet.com.au//racing/gallops/toowoomba/race-4-1904425-1083157,20h 54m
TOOWOOMBA (QLD),5,https://swiftbet.com.au//racing/gallops/toowoomba/race-5-1904435-1083157,21h 29m
TOOWOOMBA (QLD),6,https://swiftbet.com.au//racing/gallops/toowoomba/race-6-1904443-1083157,22h 1m
TOOWOOMBA (QLD),7,https://swiftbet.com.au//racing/gallops/toowoomba/race-7-1904449-1083157,22h 37m
KALGOORLIE (WA),1,https://swiftbet.com.au//racing/gallops/kalgoorlie/race-1-1903095-1083031,16h 26m
KALGOORLIE (WA),2,https://swiftbet.com.au//racing/gallops/kalgoorlie/race-2-1903096-1083031,17h 10m
KALGOORLIE (WA),3,https://swiftbet.com.au//racing/gallops/kalgoorlie/race-3-1903097-1083031,17h 46m
KALGOORLIE (WA),4,https://swiftbet.com.au//racing/gallops/kalgoorlie/race-4-1903098-1083031,18h 24m
KALGOORLIE (WA),5,https://swiftbet.com.au//racing/gallops/kalgoorlie/race-5-1903099-1083031,18h 57m
KALGOORLIE (WA),6,https://swiftbet.com.au//racing/gallops/kalgoorlie/race-6-1903100-1083031,19h 39m
PIONEER PARK (NT),1,https://swiftbet.com.au//racing/gallops/pioneer-park/race-1-1903066-1083028,15h 18m
PIONEER PARK (NT),2,https://swiftbet.com.au//racing/gallops/pioneer-park/race-2-1903070-1083028,15h 58m
PIONEER PARK (NT),3,https://swiftbet.com.au//racing/gallops/pioneer-park/race-3-1903074-1083028,16h 39m
PIONEER PARK (NT),4,https://swiftbet.com.au//racing/gallops/pioneer-park/race-4-1903078-1083028,17h 18m
PIONEER PARK (NT),5,https://swiftbet.com.au//racing/gallops/pioneer-park/race-5-1903080-1083028,18h 1m
PIONEER PARK (NT),6,https://swiftbet.com.au//racing/gallops/pioneer-park/race-6-1903084-1083028,18h 39m
TAURANGA (NZL),1,https://swiftbet.com.au//racing/gallops/tauranga/race-1-1902832-1083008,10h 16m
TAURANGA (NZL),2,https://swiftbet.com.au//racing/gallops/tauranga/race-2-1902838-1083008,10h 54m
TAURANGA (NZL),3,https://swiftbet.com.au//racing/gallops/tauranga/race-3-1902862-1083008,11h 25m
TAURANGA (NZL),4,https://swiftbet.com.au//racing/gallops/tauranga/race-4-1902883-1083008,11h 56m
TAURANGA (NZL),5,https://swiftbet.com.au//racing/gallops/tauranga/race-5-1902900-1083008,12h 32m
TAURANGA (NZL),6,https://swiftbet.com.au//racing/gallops/tauranga/race-6-1902913-1083008,13h 12m
TAURANGA (NZL),7,https://swiftbet.com.au//racing/gallops/tauranga/race-7-1902927-1083008,13h 52m
TAURANGA (NZL),8,https://swiftbet.com.au//racing/gallops/tauranga/race-8-1902935-1083008,14h 31m
TAURANGA (NZL),9,https://swiftbet.com.au//racing/gallops/tauranga/race-9-1902938-1083008,15h 14m
TAURANGA (NZL),10,https://swiftbet.com.au//racing/gallops/tauranga/race-10-1902941-1083008,15h 54m
GEELONG (VIC),1,https://swiftbet.com.au//racing/greyhounds/geelong/race-1-1903230-1083044,18h 37m
GEELONG (VIC),2,https://swiftbet.com.au//racing/greyhounds/geelong/race-2-1903231-1083044,19h 1m
GEELONG (VIC),3,https://swiftbet.com.au//racing/greyhounds/geelong/race-3-1903232-1083044,19h 20m
GEELONG (VIC),4,https://swiftbet.com.au//racing/greyhounds/geelong/race-4-1903233-1083044,19h 39m
GEELONG (VIC),5,https://swiftbet.com.au//racing/greyhounds/geelong/race-5-1903234-1083044,19h 58m
GEELONG (VIC),6,https://swiftbet.com.au//racing/greyhounds/geelong/race-6-1903235-1083044,20h 20m
GEELONG (VIC),7,https://swiftbet.com.au//racing/greyhounds/geelong/race-7-1903236-1083044,20h 42m
GEELONG (VIC),8,https://swiftbet.com.au//racing/greyhounds/geelong/race-8-1903237-1083044,21h 5m
GEELONG (VIC),9,https://swiftbet.com.au//racing/greyhounds/geelong/race-9-1903238-1083044,21h 26m
GEELONG (VIC),10,https://swiftbet.com.au//racing/greyhounds/geelong/race-10-1903239-1083044,21h 46m
GEELONG (VIC),11,https://swiftbet.com.au//racing/greyhounds/geelong/race-11-1903240-1083044,22h 9m
GEELONG (VIC),12,https://swiftbet.com.au//racing/greyhounds/geelong/race-12-1903241-1083044,22h 27m
DUBBO (NSW),1,https://swiftbet.com.au//racing/greyhounds/dubbo/race-1-1901933-1082950,18h 18m
DUBBO (NSW),2,https://swiftbet.com.au//racing/greyhounds/dubbo/race-2-1901935-1082950,18h 43m
DUBBO (NSW),3,https://swiftbet.com.au//racing/greyhounds/dubbo/race-3-1901937-1082950,19h 6m
DUBBO (NSW),4,https://swiftbet.com.au//racing/greyhounds/dubbo/race-4-1901938-1082950,19h 25m
DUBBO (NSW),5,https://swiftbet.com.au//racing/greyhounds/dubbo/race-5-1901939-1082950,19h 43m
DUBBO (NSW),6,https://swiftbet.com.au//racing/greyhounds/dubbo/race-6-1901940-1082950,20h 3m
DUBBO (NSW),7,https://swiftbet.com.au//racing/greyhounds/dubbo/race-7-1901941-1082950,20h 18m
DUBBO (NSW),8,https://swiftbet.com.au//racing/greyhounds/dubbo/race-8-1901943-1082950,20h 40m
DUBBO (NSW),9,https://swiftbet.com.au//racing/greyhounds/dubbo/race-9-1901944-1082950,21h 1m
DUBBO (NSW),10,https://swiftbet.com.au//racing/greyhounds/dubbo/race-10-1901945-1082950,21h 22m
DUBBO (NSW),11,https://swiftbet.com.au//racing/greyhounds/dubbo/race-11-1901946-1082950,21h 41m
DUBBO (NSW),12,https://swiftbet.com.au//racing/greyhounds/dubbo/race-12-1901947-1082950,22h 2m
TAREE (NSW),1,https://swiftbet.com.au//racing/greyhounds/taree/race-1-1902806-1083002,8h 28m
TAREE (NSW),2,https://swiftbet.com.au//racing/greyhounds/taree/race-2-1902808-1083002,8h 44m
TAREE (NSW),3,https://swiftbet.com.au//racing/greyhounds/taree/race-3-1902809-1083002,9h 4m
TAREE (NSW),4,https://swiftbet.com.au//racing/greyhounds/taree/race-4-1902812-1083002,9h 24m
TAREE (NSW),5,https://swiftbet.com.au//racing/greyhounds/taree/race-5-1902813-1083002,9h 42m
TAREE (NSW),6,https://swiftbet.com.au//racing/greyhounds/taree/race-6-1902816-1083002,10h 2m
TAREE (NSW),7,https://swiftbet.com.au//racing/greyhounds/taree/race-7-1902818-1083002,10h 25m
TAREE (NSW),8,https://swiftbet.com.au//racing/greyhounds/taree/race-8-1902819-1083002,10h 43m
TAREE (NSW),9,https://swiftbet.com.au//racing/greyhounds/taree/race-9-1902822-1083002,11h 0m
TAREE (NSW),10,https://swiftbet.com.au//racing/greyhounds/taree/race-10-1902823-1083002,11h 16m
TAREE (NSW),11,https://swiftbet.com.au//racing/greyhounds/taree/race-11-1902825-1083002,11h 34m
TAREE (NSW),12,https://swiftbet.com.au//racing/greyhounds/taree/race-12-1902827-1083002,11h 53m
IPSWICH (QLD),1,https://swiftbet.com.au//racing/greyhounds/ipswich/race-1-1903102-1083032,18h 47m
IPSWICH (QLD),2,https://swiftbet.com.au//racing/greyhounds/ipswich/race-2-1903103-1083032,19h 14m
IPSWICH (QLD),3,https://swiftbet.com.au//racing/greyhounds/ipswich/race-3-1903104-1083032,19h 33m
IPSWICH (QLD),4,https://swiftbet.com.au//racing/greyhounds/ipswich/race-4-1903105-1083032,19h 53m
IPSWICH (QLD),5,https://swiftbet.com.au//racing/greyhounds/ipswich/race-5-1903106-1083032,20h 12m
IPSWICH (QLD),6,https://swiftbet.com.au//racing/greyhounds/ipswich/race-6-1903107-1083032,20h 32m
IPSWICH (QLD),7,https://swiftbet.com.au//racing/greyhounds/ipswich/race-7-1903108-1083032,20h 50m
IPSWICH (QLD),8,https://swiftbet.com.au//racing/greyhounds/ipswich/race-8-1903109-1083032,21h 12m
IPSWICH (QLD),9,https://swiftbet.com.au//racing/greyhounds/ipswich/race-9-1903110-1083032,21h 32m
IPSWICH (QLD),10,https://swiftbet.com.au//racing/greyhounds/ipswich/race-10-1903111-1083032,21h 52m
IPSWICH (QLD),11,https://swiftbet.com.au//racing/greyhounds/ipswich/race-11-1903112-1083032,22h 16m
SANDOWN PARK (VIC),1,https://swiftbet.com.au//racing/greyhounds/sandown-park/race-1-1903118-1083034,18h 11m
SANDOWN PARK (VIC),2,https://swiftbet.com.au//racing/greyhounds/sandown-park/race-2-1903120-1083034,18h 30m
SANDOWN PARK (VIC),3,https://swiftbet.com.au//racing/greyhounds/sandown-park/race-3-1903125-1083034,18h 53m
SANDOWN PARK (VIC),4,https://swiftbet.com.au//racing/greyhounds/sandown-park/race-4-1903127-1083034,19h 9m
SANDOWN PARK (VIC),5,https://swiftbet.com.au//racing/greyhounds/sandown-park/race-5-1903130-1083034,19h 28m
SANDOWN PARK (VIC),6,https://swiftbet.com.au//racing/greyhounds/sandown-park/race-6-1903133-1083034,19h 46m
SANDOWN PARK (VIC),7,https://swiftbet.com.au//racing/greyhounds/sandown-park/race-7-1903136-1083034,20h 6m
SANDOWN PARK (VIC),8,https://swiftbet.com.au//racing/greyhounds/sandown-park/race-8-1903139-1083034,20h 24m
SANDOWN PARK (VIC),9,https://swiftbet.com.au//racing/greyhounds/sandown-park/race-9-1903143-1083034,20h 47m
SANDOWN PARK (VIC),10,https://swiftbet.com.au//racing/greyhounds/sandown-park/race-10-1903144-1083034,21h 9m
SANDOWN PARK (VIC),11,https://swiftbet.com.au//racing/greyhounds/sandown-park/race-11-1903147-1083034,21h 29m
SANDOWN PARK (VIC),12,https://swiftbet.com.au//racing/greyhounds/sandown-park/race-12-1903150-1083034,21h 49m
THE GARDENS (NSW),1,https://swiftbet.com.au//racing/greyhounds/the-gardens/race-1-1903067-1083029,18h 15m
THE GARDENS (NSW),2,https://swiftbet.com.au//racing/greyhounds/the-gardens/race-2-1903069-1083029,18h 32m
THE GARDENS (NSW),3,https://swiftbet.com.au//racing/greyhounds/the-gardens/race-3-1903071-1083029,18h 55m
THE GARDENS (NSW),4,https://swiftbet.com.au//racing/greyhounds/the-gardens/race-4-1903073-1083029,19h 17m
THE GARDENS (NSW),5,https://swiftbet.com.au//racing/greyhounds/the-gardens/race-5-1903075-1083029,19h 36m
THE GARDENS (NSW),6,https://swiftbet.com.au//racing/greyhounds/the-gardens/race-6-1903077-1083029,19h 56m
THE GARDENS (NSW),7,https://swiftbet.com.au//racing/greyhounds/the-gardens/race-7-1903079-1083029,20h 15m
THE GARDENS (NSW),8,https://swiftbet.com.au//racing/greyhounds/the-gardens/race-8-1903081-1083029,20h 37m
THE GARDENS (NSW),9,https://swiftbet.com.au//racing/greyhounds/the-gardens/race-9-1903083-1083029,20h 53m
THE GARDENS (NSW),10,https://swiftbet.com.au//racing/greyhounds/the-gardens/race-10-1903085-1083029,21h 15m
THE GARDENS (NSW),11,https://swiftbet.com.au//racing/greyhounds/the-gardens/race-11-1903087-1083029,21h 35m
THE GARDENS (NSW),12,https://swiftbet.com.au//racing/greyhounds/the-gardens/race-12-1903089-1083029,21h 55m
WENTWORTH PARK (NSW),1,https://swiftbet.com.au//racing/greyhounds/wentworth-park/race-1-1901799-1082940,19h 12m
WENTWORTH PARK (NSW),2,https://swiftbet.com.au//racing/greyhounds/wentworth-park/race-2-1901802-1082940,19h 31m
WENTWORTH PARK (NSW),3,https://swiftbet.com.au//racing/greyhounds/wentworth-park/race-3-1901805-1082940,19h 50m
WENTWORTH PARK (NSW),4,https://swiftbet.com.au//racing/greyhounds/wentworth-park/race-4-1901807-1082940,20h 9m
WENTWORTH PARK (NSW),5,https://swiftbet.com.au//racing/greyhounds/wentworth-park/race-5-1901811-1082940,20h 34m
WENTWORTH PARK (NSW),6,https://swiftbet.com.au//racing/greyhounds/wentworth-park/race-6-1901813-1082940,20h 58m
WENTWORTH PARK (NSW),7,https://swiftbet.com.au//racing/greyhounds/wentworth-park/race-7-1901816-1082940,21h 18m
WENTWORTH PARK (NSW),8,https://swiftbet.com.au//racing/greyhounds/wentworth-park/race-8-1901821-1082940,21h 38m
WENTWORTH PARK (NSW),9,https://swiftbet.com.au//racing/greyhounds/wentworth-park/race-9-1901827-1082940,21h 58m
WENTWORTH PARK (NSW),10,https://swiftbet.com.au//racing/greyhounds/wentworth-park/race-10-1901834-1082940,22h 20m
WENTWORTH PARK (NSW),11,https://swiftbet.com.au//racing/greyhounds/wentworth-park/race-11-1901839-1082940,22h 45m
MANDURAH (WA),1,https://swiftbet.com.au//racing/greyhounds/mandurah/race-1-1901849-1082946,22h 12m
MANDURAH (WA),2,https://swiftbet.com.au//racing/greyhounds/mandurah/race-2-1901862-1082946,22h 34m
MANDURAH (WA),3,https://swiftbet.com.au//racing/greyhounds/mandurah/race-3-1901876-1082946,22h 57m
MANDURAH (WA),4,https://swiftbet.com.au//racing/greyhounds/mandurah/race-4-1901891-1082946,23h 20m
MANDURAH (WA),5,https://swiftbet.com.au//racing/greyhounds/mandurah/race-5-1901904-1082946,23h 41m
MANDURAH (WA),6,https://swiftbet.com.au//racing/greyhounds/mandurah/race-6-1901914-1082946,23h 56m
MANDURAH (WA),7,https://swiftbet.com.au//racing/greyhounds/mandurah/race-7-1901921-1082946,1d 0h
MANDURAH (WA),8,https://swiftbet.com.au//racing/greyhounds/mandurah/race-8-1901926-1082946,1d 0h
MANDURAH (WA),9,https://swiftbet.com.au//racing/greyhounds/mandurah/race-9-1901930-1082946,1d 0h
MANDURAH (WA),10,https://swiftbet.com.au//racing/greyhounds/mandurah/race-10-1901932-1082946,1d 1h
MANDURAH (WA),11,https://swiftbet.com.au//racing/greyhounds/mandurah/race-11-1901934-1082946,1d 1h
MANDURAH (WA),12,https://swiftbet.com.au//racing/greyhounds/mandurah/race-12-1901936-1082946,1d 1h
ALBION PARK (QLD),1,https://swiftbet.com.au//racing/harness/albion-park/race-1-1901890-1082949,18h 39m
ALBION PARK (QLD),2,https://swiftbet.com.au//racing/harness/albion-park/race-2-1901893-1082949,19h 15m
ALBION PARK (QLD),3,https://swiftbet.com.au//racing/harness/albion-park/race-3-1901896-1082949,19h 53m
ALBION PARK (QLD),4,https://swiftbet.com.au//racing/harness/albion-park/race-4-1901899-1082949,20h 29m
ALBION PARK (QLD),5,https://swiftbet.com.au//racing/harness/albion-park/race-5-1901901-1082949,21h 8m
ALBION PARK (QLD),6,https://swiftbet.com.au//racing/harness/albion-park/race-6-1902148-1082949,21h 41m
ALBION PARK (QLD),7,https://swiftbet.com.au//racing/harness/albion-park/race-7-1901905-1082949,22h 15m
ALBION PARK (QLD),8,https://swiftbet.com.au//racing/harness/albion-park/race-8-1901908-1082949,22h 44m
ALBION PARK (QLD),9,https://swiftbet.com.au//racing/harness/albion-park/race-9-1901910-1082949,23h 14m
NORTHAM (WA),1,https://swiftbet.com.au//racing/harness/northam/race-1-1903393-1083064,20h 42m
NORTHAM (WA),2,https://swiftbet.com.au//racing/harness/northam/race-2-1903398-1083064,21h 17m
NORTHAM (WA),3,https://swiftbet.com.au//racing/harness/northam/race-3-1903402-1083064,21h 44m
NORTHAM (WA),4,https://swiftbet.com.au//racing/harness/northam/race-4-1903406-1083064,22h 11m
NORTHAM (WA),5,https://swiftbet.com.au//racing/harness/northam/race-5-1903410-1083064,22h 44m
NORTHAM (WA),6,https://swiftbet.com.au//racing/harness/northam/race-6-1903414-1083064,23h 23m
NORTHAM (WA),7,https://swiftbet.com.au//racing/harness/northam/race-7-1903419-1083064,23h 51m
NORTHAM (WA),8,https://swiftbet.com.au//racing/harness/northam/race-8-1903422-1083064,1d 0h
HOBART (TAS),1,https://swiftbet.com.au//racing/harness/hobart/race-1-1901788-1082937,18h 6m
HOBART (TAS),2,https://swiftbet.com.au//racing/harness/hobart/race-2-1901791-1082937,18h 34m
HOBART (TAS),3,https://swiftbet.com.au//racing/harness/hobart/race-3-1901793-1082937,19h 1m
HOBART (TAS),4,https://swiftbet.com.au//racing/harness/hobart/race-4-1901797-1082937,19h 26m
HOBART (TAS),5,https://swiftbet.com.au//racing/harness/hobart/race-5-1901803-1082937,20h 4m
HOBART (TAS),6,https://swiftbet.com.au//racing/harness/hobart/race-6-1901809-1082937,20h 44m
HOBART (TAS),7,https://swiftbet.com.au//racing/harness/hobart/race-7-1901815-1082937,21h 13m
HOBART (TAS),8,https://swiftbet.com.au//racing/harness/hobart/race-8-1901818-1082937,21h 48m
HOBART (TAS),9,https://swiftbet.com.au//racing/harness/hobart/race-9-1901826-1082937,22h 22m
HOBART (TAS),10,https://swiftbet.com.au//racing/harness/hobart/race-10-1901831-1082937,22h 49m
MELTON (VIC),1,https://swiftbet.com.au//racing/harness/melton/race-1-1901795-1082939,18h 32m
MELTON (VIC),2,https://swiftbet.com.au//racing/harness/melton/race-2-1901801-1082939,19h 7m
MELTON (VIC),3,https://swiftbet.com.au//racing/harness/melton/race-3-1901806-1082939,19h 45m
MELTON (VIC),4,https://swiftbet.com.au//racing/harness/melton/race-4-1901812-1082939,20h 23m
MELTON (VIC),5,https://swiftbet.com.au//racing/harness/melton/race-5-1901822-1082939,21h 0m
MELTON (VIC),6,https://swiftbet.com.au//racing/harness/melton/race-6-1901828-1082939,21h 33m
MELTON (VIC),7,https://swiftbet.com.au//racing/harness/melton/race-7-1901833-1082939,22h 4m
MELTON (VIC),8,https://swiftbet.com.au//racing/harness/melton/race-8-1901836-1082939,22h 36m
MENANGLE (NSW),1,https://swiftbet.com.au//racing/harness/menangle/race-1-1901486-1082905,18h 21m
MENANGLE (NSW),2,https://swiftbet.com.au//racing/harness/menangle/race-2-1901488-1082905,18h 56m
MENANGLE (NSW),3,https://swiftbet.com.au//racing/harness/menangle/race-3-1901490-1082905,19h 34m
MENANGLE (NSW),4,https://swiftbet.com.au//racing/harness/menangle/race-4-1901492-1082905,20h 11m
MENANGLE (NSW),5,https://swiftbet.com.au//racing/harness/menangle/race-5-1901498-1082905,20h 49m
MENANGLE (NSW),6,https://swiftbet.com.au//racing/harness/menangle/race-6-1901500-1082905,21h 21m
MENANGLE (NSW),7,https://swiftbet.com.au//racing/harness/menangle/race-7-1901504-1082905,21h 53m
MENANGLE (NSW),8,https://swiftbet.com.au//racing/harness/menangle/race-8-1901507-1082905,22h 29m
GLOBE DERBY (SA),1,https://swiftbet.com.au//racing/harness/globe-derby/race-1-1903390-1083061,18h 50m
GLOBE DERBY (SA),2,https://swiftbet.com.au//racing/harness/globe-derby/race-2-1903392-1083061,19h 20m
GLOBE DERBY (SA),3,https://swiftbet.com.au//racing/harness/globe-derby/race-3-1903397-1083061,19h 58m
GLOBE DERBY (SA),4,https://swiftbet.com.au//racing/harness/globe-derby/race-4-1903400-1083061,20h 27m
GLOBE DERBY (SA),5,https://swiftbet.com.au//racing/harness/globe-derby/race-5-1903404-1083061,20h 56m
GLOBE DERBY (SA),6,https://swiftbet.com.au//racing/harness/globe-derby/race-6-1903408-1083061,21h 24m
GLOBE DERBY (SA),7,https://swiftbet.com.au//racing/harness/globe-derby/race-7-1903411-1083061,21h 57m
GLOBE DERBY (SA),8,https://swiftbet.com.au//racing/harness/globe-derby/race-8-1903415-1083061,22h 25m
GLOBE DERBY (SA),9,https://swiftbet.com.au//racing/harness/globe-derby/race-9-1903417-1083061,22h 59m
